zip,real_bup,real_meth,real_nal,s1_bup,s1_meth,s1_nal,s2_bup,s2_meth,s2_nal,s3_bup,s3_meth,s3_nal
60002,4.0775,6.8002,3.7885,2.4609,1.374,2.6777,4.3929,7.6194,7.4435,10.388,15.0839,12.318
60004,1.1579,3.1042,3.0032,0.9873,0.3221,2.1847,2.2609,2.2203,1.6347,1.1424,4.217,0.7609
60005,1.5013,3.2233,0.6365,0.7317,3.4078,1.7183,0.7757,2.2593,3.6373,0.8925,3.161,2.234
60007,1.1699,4.2139,1.1379,2.6969,4.008,1.3911,0.6358,4.1329,0.2703,0.6109,2.7739,1.5598
60008,0.9563,1.4363,1.4656,1.3096,3.6584,1.3299,0.6612,4.2969,2.6284,1.371,5.0902,3.8901
60010,1.4655,7.7869,6.8378,2.0468,4.4234,3.9631,2.428,5.6936,5.3669,4.0756,8.3496,7.917
60012,3.167,11.0649,2.7722,3.4535,3.012,4.8295,2.2279,3.0507,2.4541,2.3019,3.4968,2.5904
60013,4.0691,10.7351,3.2254,2.3341,4.6377,5.4635,2.6332,4.8265,5.5453,1.9183,2.5152,4.586
60014,0.4416,11.2605,0.6778,1.5622,5.1875,2.6281,0.8888,0.1864,0.973,5.0775,4.3915,0.3248
60015,2.3599,3.925,3.8915,1.5641,6.5283,1.3838,1.5372,4.6612,4.3828,2.3902,3.5704,4.395
60016,0.3516,0.4374,0.4048,1.662,3.3593,4.5947,0.4845,1.2135,0.5724,0.7663,2.0366,1.735
60018,2.9982,3.1576,2.9945,2.5693,3.9538,4.2881,0.7895,3.3391,1.7442,0.9934,2.2274,1.9804
60020,4.7706,0.3274,0.3254,0.5444,3.839,2.5552,5.361,3.0415,5.6159,5.0276,8.218,6.0358
60021,4.7692,9.3898,4.707,1.1595,5.2238,4.9394,2.8934,5.3467,7.0549,2.1145,4.4673,6.057
60025,1.848,1.5036,3.8097,1.0199,3.2773,3.8195,0.6629,5.2773,4.231,1.2293,3.9164,1.9089
60030,3.2581,7.9023,5.4894,1.5877,1.9073,1.8256,1.3583,4.8262,1.2988,2.666,10.5358,12.0084
60031,1.2239,3.3033,2.3245,0.9449,0.6585,4.7877,1.7777,5.8889,0.5726,3.2997,16.4426,14.95
60033,14.8087,22.1392,18.4262,2.0689,9.5258,2.2359,6.3497,19.6086,5.5942,5.2936,7.5087,14.4773
60034,11.0756,13.1099,12.3791,0.2063,9.4801,2.1412,8.7664,16.0578,10.4301,3.8314,11.4171,8.3691
60035,0.3004,0.2884,2.2584,2.2688,9.9418,1.9337,2.0314,8.0219,7.6622,4.6807,3.9181,5.3111
60040,1.1122,1.4699,3.7922,1.8086,9.4915,1.1723,0.7908,8.5741,7.8554,5.5919,5.2575,6.6204
60041,3.4155,2.2194,2.2182,1.4382,4.0987,0.8411,3.9803,1.2663,4.001,3.1274,7.3064,7.1301
60042,6.1394,8.1697,4.8224,1.6295,3.0459,1.4716,4.3891,6.7762,5.9287,1.3849,1.9678,7.0911
60044,1.5715,5.1415,1.3584,6.1485,5.4633,6.3155,1.2986,4.8921,2.9277,4.4017,10.7424,10.756
60046,0.1854,6.0739,3.6664,0.8978,2.5924,2.7296,4.0369,5.0981,4.2577,7.5428,12.9508,12.229
60047,2.4517,7.5333,4.706,4.3131,3.714,2.9931,1.3268,4.1373,1.0108,2.8086,11.02,3.1694
60048,1.4257,6.2946,3.5534,4.3707,1.2917,5.5561,1.7239,7.3039,5.2078,4.6344,12.8038,9.5338
60050,0.843,7.5912,1.7107,2.2431,3.7063,3.4584,1.6981,7.2113,1.4166,1.0968,4.5981,3.2723
60053,1.9938,2.1869,2.1901,1.5038,2.4364,1.4655,0.7358,5.4764,4.4501,0.3848,5.1695,3.836
60056,1.3422,2.8894,2.4358,0.4833,3.7294,3.3098,2.0934,0.9418,1.142,0.9641,0.5232,0.97
60060,4.5229,10.9673,1.8926,1.2988,3.7864,1.7524,2.6153,8.0192,1.3637,2.8644,10.098,7.4264
60061,0.6724,8.8102,1.5257,0.6464,3.3506,3.8521,0.7776,6.9804,3.849,4.0444,9.652,5.4067
60062,1.1728,3.5887,2.5652,1.1486,6.6739,3.1438,2.9341,4.9048,4.4569,1.6013,0.7048,0.9276
60067,1.9648,1.8464,3.7386,3.8957,2.2642,4.3077,1.8533,3.3496,0.9651,1.5845,7.7646,4.5387
60068,0.9202,3.0139,2.9988,0.3866,1.2555,4.4116,0.6021,4.2311,3.0874,1.6806,5.0391,3.3053
60069,1.8403,6.4676,1.698,3.1688,6.202,4.3869,1.7686,5.0324,4.8499,1.5478,6.6309,3.8265
60070,2.7743,4.6279,3.9202,1.3254,2.284,0.8351,1.3937,1.5973,1.4741,1.8317,2.5594,1.9706
60072,5.9384,6.6647,6.664,1.7067,8.1526,1.9464,3.587,9.3976,4.6224,3.3337,9.3732,2.0347
60073,1.8966,4.7678,4.7671,4.1519,1.5319,2.0436,1.769,1.5609,1.6654,2.2746,7.9547,9.6603
60074,1.4355,2.6607,4.5468,2.8609,1.4712,4.7611,0.503,0.892,1.8532,1.3727,6.9097,2.4291
60076,1.5417,0.9012,0.8968,1.7567,5.3053,1.6915,0.629,2.5429,1.5058,2.0292,3.8052,3.1115
60077,1.5762,0.6237,0.6228,1.5844,3.906,0.2922,1.6773,3.9189,2.7351,1.1578,4.4801,3.4736
60081,8.9268,4.5087,4.5097,4.2129,6.3035,4.8003,3.2839,7.6798,7.7326,7.7556,11.6931,6.0493
60084,5.5041,9.0658,7.0256,2.9917,4.395,1.7727,1.7046,6.6639,5.6576,1.5797,4.9692,9.5988
60085,1.1297,0.4282,1.9317,3.7945,3.5388,8.5918,1.1486,1.8098,1.0983,1.3957,15.4558,14.9964
60087,2.3294,2.4371,4.1458,4.104,1.103,9.7202,1.7269,3.6466,2.3594,1.1748,18.7708,18.3656
60089,2.005,6.3268,3.932,2.377,3.8204,3.8224,0.6913,3.0577,2.0909,1.319,7.025,1.2412
60090,1.0431,6.1214,5.3798,1.0467,2.8728,1.2854,0.2354,0.9631,0.5727,0.8325,4.34,2.4545
60091,1.8882,2.8852,2.0837,1.5025,6.7343,1.3994,0.3835,3.0432,1.1662,1.6725,5.8735,5.5762
60093,2.9697,2.517,3.3993,2.8364,6.6684,1.5007,2.8814,5.5494,3.669,0.8812,4.4316,4.6661
60097,6.0564,9.6372,7.3557,3.855,5.851,2.6492,4.6166,11.6229,5.8656,1.3168,10.3025,3.8058
60098,4.5428,15.2275,8.6177,2.8685,1.1296,1.9872,4.0397,9.3296,5.7391,0.8106,4.8804,4.5673
60099,0.6663,6.0267,7.3688,2.5415,3.1595,10.8677,0.7356,7.6602,4.3501,4.7067,22.5703,21.6794
60101,3.9404,3.9853,3.6117,2.5881,7.1646,3.6001,0.7059,1.7594,1.3993,0.6279,1.7332,1.0967
60102,1.4422,6.4684,4.5021,2.7538,6.4903,5.3005,2.4428,3.1809,2.5942,1.7397,6.9996,4.9925
60103,0.083,7.736,5.2459,1.2861,3.8562,2.2248,1.0755,2.8589,2.0548,0.5837,6.7535,2.7053
60104,1.3644,1.2232,1.3887,3.6349,10.3197,1.7082,0.6935,5.1174,3.3474,0.1677,1.9002,2.0607
60106,4.7982,3.5043,2.9214,4.3868,7.3377,4.578,1.0349,5.5802,1.7059,1.2932,2.7516,0.1535
60107,0.6316,6.7642,3.0834,1.2544,2.5291,5.3724,1.1212,1.433,1.3096,0.7213,6.5138,4.5117
60108,0.6686,6.2333,5.5682,2.8681,5.2527,4.1039,1.4426,2.2212,2.4326,2.2549,1.4852,0.766
60110,3.2493,3.6199,5.5509,1.9476,6.0421,3.1054,1.6491,0.9109,1.9764,0.8081,9.3631,7.9843
60115,5.5562,24.7922,16.3584,2.337,3.78,8.1866,5.7376,2.2831,3.2764,1.6921,21.6195,21.9583
60118,2.9013,2.5498,4.9041,1.8207,4.8653,1.6263,0.681,2.3352,1.7871,2.2876,10.6935,8.3561
60119,7.9048,10.6943,8.8848,2.5307,2.9094,1.1509,4.9217,8.4819,7.4562,3.2997,7.6865,8.6391
60120,3.2886,3.7738,1.2031,0.9722,3.5834,5.2562,0.7996,1.7031,2.1747,3.0671,9.5544,3.1275
60123,0.5089,2.3066,2.8362,1.7613,3.6904,3.1941,1.118,1.7487,2.2559,2.0107,13.1029,4.4034
60126,2.8857,0.9168,1.4952,1.3315,10.7266,1.7015,2.1621,5.3156,1.3512,1.6292,1.3263,0.503
60130,0.6031,1.7132,1.3089,2.5017,11.2309,2.762,0.9181,2.4431,2.3442,1.4937,1.9262,1.5974
60131,3.719,2.6937,3.3824,4.5361,6.7568,3.3104,0.6535,2.901,2.5372,0.6607,1.4698,1.0565
60134,0.9621,7.534,2.5357,1.4924,4.4136,6.3089,3.4004,8.2814,6.2979,1.2605,6.3823,2.9552
60135,9.9011,19.9405,18.6188,0.6736,4.8679,2.6738,7.1263,13.4444,9.1204,12.0977,15.9257,16.5263
60137,2.9444,1.2887,6.6359,3.945,9.9789,3.9873,1.5455,3.4159,1.8528,0.5617,1.516,2.0748
60139,2.459,4.1761,6.8099,2.6425,7.3827,5.8045,0.5812,0.6436,0.8578,1.1352,3.3171,0.7219
60140,8.798,10.9681,13.0463,4.6347,5.7062,1.2498,3.227,12.0927,10.0212,9.2887,17.0971,13.379
60141,0.354,1.8836,0.0933,2.3462,11.6319,2.8397,0.4428,2.7398,2.6376,1.7272,2.5164,2.4555
60142,5.8448,10.5337,6.7934,2.8104,5.6375,4.5957,2.4117,6.9037,6.9094,5.3368,11.403,6.0795
60143,2.1233,5.7023,2.3137,1.1604,4.3391,2.5615,2.1631,2.2725,3.015,0.6419,1.3189,1.8698
60146,12.0322,13.2842,12.385,2.8749,8.5466,9.0428,9.7823,14.96,7.9254,16.4893,22.8689,25.8943
60148,2.1561,3.626,4.8871,3.1541,10.7755,2.5135,1.3116,3.228,0.4077,1.1598,0.6935,1.5339
60151,7.7445,16.6976,12.8197,0.5582,2.7364,2.2209,5.171,7.8315,7.9919,6.9209,13.7052,12.2216
60152,11.9257,20.2341,14.7025,1.6525,2.321,2.5886,8.2779,15.2102,8.4087,3.1312,7.0448,10.3233
60153,0.937,0.4589,0.9728,2.3048,10.331,1.3438,0.5453,3.9375,3.7684,0.6463,2.2574,2.5835
60154,1.5525,3.6273,1.5839,3.1116,12.8745,4.0894,0.6649,5.0957,4.8715,0.9982,4.1154,2.6112
60155,0.8425,2.093,0.7886,2.4715,11.8694,2.8017,1.3561,3.5485,3.3996,1.4818,3.3645,2.3418
60157,1.8919,5.4587,3.0116,1.1996,3.6003,1.8598,1.477,1.9245,3.5869,0.819,1.1782,2.0512
60160,1.0629,1.2276,1.016,2.5657,8.7211,0.6813,0.7072,3.4383,3.4972,0.4146,0.953,1.5081
60162,1.6523,2.4156,1.7089,2.3735,11.6888,3.405,2.0371,5.9925,3.3848,0.2861,2.763,2.3722
60163,2.6403,1.5063,2.6897,2.1412,10.4284,3.0962,2.4005,5.7983,1.9083,1.2662,1.4834,1.3108
60164,3.2563,1.5075,2.2224,3.6536,8.4395,2.9256,1.2246,4.2396,1.4204,0.3675,0.7994,0.5503
60165,1.8836,0.2873,1.8363,3.5967,9.0113,1.6091,1.4006,4.0759,2.5015,0.0611,0.7305,0.6846
60171,2.2856,2.75,2.2668,2.1085,7.1653,1.9615,0.8484,1.6607,2.1232,0.6158,1.1305,1.4096
60172,1.762,5.5361,4.0289,2.6393,3.4022,2.389,0.4918,3.0788,3.1024,1.2487,1.0954,1.3354
60173,0.3014,0.2737,0.3275,2.9359,1.9265,1.8132,0.5376,5.5857,1.3048,1.8122,5.9421,1.8849
60174,0.7622,9.9109,1.4956,1.3454,4.6097,3.6085,0.4584,7.062,5.9274,1.7066,10.201,1.6283
60175,4.5087,9.9107,4.5209,1.8274,6.5015,2.8748,1.4503,7.9895,5.3799,4.6902,11.0889,3.6605
60176,2.2131,4.1018,4.6247,3.8279,5.2207,4.2547,0.8878,2.1477,1.4654,0.7462,1.7549,1.2626
60177,3.0737,5.6477,4.7173,2.2525,1.5899,1.0901,0.4816,3.0616,1.8653,1.5244,12.1348,2.7534
60178,2.9651,19.8232,19.2435,2.4979,2.4622,4.7378,2.9764,6.4963,5.2555,10.1611,21.7939,18.4581
60181,1.4339,2.8739,3.2245,1.5291,11.218,0.664,0.5475,4.3139,2.1035,0.2409,1.4531,2.0484
60184,3.0285,8.4194,4.3979,3.4127,3.0515,0.8528,1.9202,5.3191,4.6015,1.5589,9.1954,2.676
60185,3.0559,6.664,5.5423,2.3714,2.835,4.5897,2.5954,4.2422,1.3988,4.2151,7.9402,4.5411
60187,2.4125,1.6593,6.0549,1.9843,7.3785,4.2708,0.9332,3.0511,1.0308,1.3235,2.7397,4.1412
60188,2.2987,4.5187,8.5654,1.1385,7.1737,6.373,0.4204,1.8788,1.8732,1.114,4.4829,1.2492
60190,1.1481,3.785,5.5752,2.6573,5.0758,4.526,2.8045,4.4967,1.4887,2.4904,4.6649,4.255
60191,3.1239,4.4302,3.2842,3.0064,6.0637,3.91,1.1069,3.7416,3.033,0.9433,2.3913,1.8853
60192,1.5802,5.7166,2.6101,2.9266,4.5812,7.1446,1.851,2.431,1.5003,2.1013,9.1432,6.8524
60193,0.9027,3.8266,2.8212,1.5125,1.8011,2.3117,1.7504,3.4597,1.4081,1.1553,3.232,2.1483
60194,1.9596,3.5722,1.939,1.9478,1.3577,3.713,1.6686,3.2958,1.9819,0.7278,4.9177,2.7998
60195,2.1568,2.4521,2.4587,4.245,3.0964,3.8956,1.2235,5.6372,1.6519,0.9303,6.9226,3.3804
60201,0.6086,0.7758,0.6377,2.6764,7.4756,1.5117,0.9552,0.9364,0.968,3.1475,3.9057,3.5865
60202,0.7798,0.7754,2.2865,2.8349,7.578,3.3004,0.4487,0.9934,1.2734,1.4437,2.1196,1.8124
60203,1.3623,1.6473,1.6476,1.6717,6.0897,2.3765,1.0397,1.8327,1.2424,2.3637,4.0323,3.7733
60301,0.0983,2.0871,1.1924,1.1372,9.8327,2.7264,0.8374,2.4297,1.8473,0.2346,0.3289,0.9061
60302,0.7045,2.3503,0.7356,0.8308,9.5204,3.1307,0.5898,1.8548,1.2333,0.5869,0.706,0.8032
60304,1.2335,1.299,0.7274,1.9831,11.0195,3.5991,0.5883,2.3952,0.9628,0.715,1.4396,0.5546
60305,0.2312,1.2227,1.4721,0.6704,9.2577,1.6045,1.1803,2.5818,2.5848,0.4627,0.8666,0.9855
60402,0.1364,2.4938,0.1787,2.625,8.9174,4.1878,0.869,0.1533,0.4119,0.2021,0.4404,1.2147
60406,0.2136,3.3197,3.3095,1.2731,5.0195,6.9966,1.4488,3.576,3.9299,2.2969,4.4683,2.5754
60407,13.0905,21.6589,21.1445,1.3281,4.6166,5.3213,11.9505,21.661,21.5662,4.343,32.9273,22.0708
60408,13.5344,18.7214,18.0264,0.461,2.1347,1.9262,8.9777,18.7492,18.7463,0.9276,29.9387,19.2739
60409,1.3202,1.3428,1.3795,1.0782,3.4406,9.6355,1.0625,4.1979,0.2541,4.2554,4.1323,5.1152
60410,3.9042,8.2974,7.7313,2.9637,7.4268,2.0908,2.5788,8.2878,8.0917,5.3249,19.5448,8.5768
60411,1.6712,3.3836,5.8385,0.2023,5.9857,2.1853,1.5308,1.1353,2.1283,3.2701,10.6355,10.0684
60415,2.2992,2.1718,0.6921,2.5826,4.5563,3.7455,0.4528,2.7257,1.2761,1.3168,2.889,1.2855
60416,9.8165,17.852,17.2979,1.5456,3.4566,4.0441,8.463,17.8458,17.6615,3.763,29.1144,18.1402
60419,1.1025,1.0814,0.4442,2.6347,2.1763,10.3997,0.9005,3.4866,2.826,1.5745,2.4262,3.0813
60420,19.4329,27.2871,18.7406,3.8436,4.033,4.7481,20.6455,33.6665,28.0747,16.8439,44.9211,33.9177
60421,6.9325,6.8486,5.0824,2.9674,7.9872,4.8188,4.6736,7.1629,7.3781,3.188,17.4221,8.1638
60422,1.6611,1.8665,2.7234,1.9503,3.271,6.2911,2.4553,5.1034,5.6132,5.9482,9.8026,6.1442
60423,5.834,9.5281,7.95,2.2498,7.0088,4.0201,1.3639,12.2357,5.232,5.5805,12.824,8.2156
60424,15.065,24.7751,24.3696,0.9259,2.324,2.3226,17.1049,26.7204,24.1919,9.5782,37.9983,27.0584
60425,3.2887,2.598,3.2923,1.2154,6.0391,4.825,1.3055,3.5061,2.5301,5.001,8.1313,7.4226
60430,1.1427,1.4541,1.0782,2.9288,4.9661,6.7007,1.1945,5.3743,5.403,5.8188,8.0761,5.1326
60431,2.3788,3.3015,2.8276,4.255,6.6484,4.6772,1.0224,3.2275,2.3648,5.0129,12.6222,2.3187
60432,4.2045,4.77,3.814,2.5119,1.9375,6.4522,0.4304,5.3128,2.4379,1.9921,9.5422,6.2212
60433,4.0071,4.9911,1.112,1.5841,3.6741,7.3591,0.8805,5.5842,2.0874,0.9923,11.9552,6.743
60435,0.5886,1.2403,1.3106,1.4667,2.6764,5.6298,0.6335,1.2775,1.7984,1.1588,10.0302,1.6876
60436,2.6312,2.4776,2.6664,2.2314,4.3572,3.3587,2.1621,2.7981,3.3493,1.6573,13.4527,3.865
60437,15.3383,18.4806,18.3913,1.3945,11.7176,1.8671,15.8071,32.5484,32.101,12.8331,43.8931,33.0347
60438,2.042,2.0748,2.0395,2.1664,6.452,6.5482,1.8117,5.6236,2.4284,4.0836,7.0369,7.8983
60439,1.4881,7.0874,1.5789,1.6194,10.2111,2.7883,0.4785,6.1721,4.402,3.0673,3.0708,2.7964
60440,1.1384,5.0447,3.8687,4.1123,10.6473,2.8075,0.7559,1.2877,1.7723,1.7937,1.3219,1.4204
60441,3.9603,6.1779,5.6893,1.69,3.545,3.2508,2.4046,3.3421,3.6711,2.4072,6.2232,3.2645
60442,8.3829,12.765,7.3464,0.4106,10.6974,2.4219,5.5638,13.279,8.5395,9.0851,17.9278,14.4556
60443,0.8457,4.6222,6.4557,1.6342,2.3711,5.5045,1.4416,7.4818,3.7796,4.3364,13.464,6.5099
60445,2.1067,4.1387,4.1401,2.1504,6.6476,5.2746,1.6568,5.9532,4.7236,0.6365,5.7829,1.5642
60446,3.8966,7.3215,5.4736,0.9247,6.0792,0.6517,1.7141,0.7814,1.7003,1.9449,4.0413,3.5357
60447,3.4362,9.8797,9.267,2.5166,6.6602,4.189,0.7496,7.1456,6.8043,2.7173,18.9567,9.1558
60448,3.7107,10.6304,3.6942,1.398,9.5808,0.9633,2.3311,12.0367,5.3322,5.1642,8.0966,6.6415
60450,0.4622,18.711,18.0627,2.1241,4.5412,2.1219,6.2352,17.0724,16.7335,2.7617,28.7959,18.3459
60452,1.029,4.9542,4.9377,2.0165,8.4146,3.1895,0.9365,7.9304,3.2919,1.9044,7.8175,2.0073
60453,1.1332,3.5641,1.3416,1.2,3.0294,3.3049,1.0313,1.1733,2.0989,0.5964,1.6115,1.3133
60455,4.2148,4.7018,2.485,1.7952,5.8868,0.7421,0.8297,4.2079,1.8415,0.5853,0.8405,1.2922
60456,0.7565,2.5915,0.7849,0.8521,1.812,1.7128,0.4701,0.6913,1.1894,0.6856,1.0163,0.7759
60457,3.6407,3.8173,2.5913,2.6343,6.7949,2.212,0.6482,4.9634,1.8624,0.5519,1.7527,1.4744
60458,4.2509,5.4942,3.7442,0.9908,7.2948,1.4223,0.7824,5.6303,3.0232,0.1419,0.68,0.2374
60459,2.5004,4.1989,2.2578,2.219,3.9154,2.0958,0.2996,2.4709,2.045,0.2421,0.2483,1.3089
60462,1.3528,3.8287,1.9259,1.2044,9.934,3.9598,1.0326,8.4333,1.4861,1.5286,5.4695,3.1761
60463,1.2054,0.958,0.9938,1.6863,6.623,6.0208,1.1368,5.1228,3.9428,2.5484,5.2816,3.2275
60464,3.1445,3.4279,2.5848,3.2492,9.6238,6.8336,2.07,7.8376,4.4949,1.5619,3.7069,3.2341
60465,2.0728,2.3391,1.6202,4.4433,7.1122,3.9113,1.1529,5.2457,2.2945,0.996,3.5505,0.2288
60466,2.6213,2.2858,6.5771,0.9869,1.4054,4.6803,0.6983,4.2895,7.1323,7.8531,13.4485,9.5666
60467,0.9285,6.899,0.9344,2.0242,10.4914,5.0679,2.432,10.5379,3.6926,3.3113,4.0627,5.2855
60468,12.3435,7.3787,15.2291,0.6092,12.0991,4.1724,9.8347,15.3965,9.4527,15.0519,22.6257,17.7267
60469,1.4806,1.9191,1.9037,2.7955,5.7115,6.838,1.5271,4.8267,5.7486,2.0015,5.2691,1.2196
60471,1.7371,4.3679,7.4294,1.143,1.7855,7.2876,1.2925,6.8845,5.5229,6.0861,14.52,8.3016
60472,0.5683,3.4567,3.4412,2.8606,5.7648,6.6504,1.6464,5.1598,5.2254,0.9302,5.1894,1.3612
60475,2.5108,2.7858,7.1773,1.9344,4.1617,1.8459,1.6191,2.0109,5.2712,5.8027,13.2147,11.2642
60477,1.1124,6.3548,4.7787,1.1176,7.0908,0.4582,1.6187,10.6695,1.7731,1.3269,9.2036,1.3921
60478,1.5924,3.2001,3.2458,1.198,5.0681,3.8271,0.7357,7.8893,3.6523,3.778,9.5428,3.8643
60480,2.0431,5.7446,4.912,3.479,9.529,4.1352,2.6232,7.7105,4.602,2.6241,3.3883,1.9991
60481,14.1905,16.806,14.661,1.9261,2.5935,0.9366,8.0897,16.9901,16.8662,1.6566,27.2239,17.7763
60482,1.0549,0.9361,0.9269,3.461,5.5894,4.5923,1.5249,3.8431,2.1187,1.6727,4.1064,1.4698
60490,3.4318,8.4261,5.8508,1.446,9.5243,1.7166,1.0401,2.724,4.0476,2.3466,4.119,2.7823
60501,3.4618,6.6036,3.9549,1.2299,7.542,2.0664,0.2466,4.0942,3.2817,0.625,1.5806,2.4064
60504,1.0347,3.93,3.9178,3.8668,7.6491,6.0245,0.5842,1.6525,0.732,1.8991,7.0845,0.6984
60505,2.9522,0.8461,0.8374,2.3602,6.5283,2.9182,1.3971,2.2055,2.2052,0.5007,3.9578,2.7119
60506,3.1644,3.0972,2.2527,1.2827,8.2023,1.9333,0.9376,0.7533,1.6712,2.7127,1.5398,1.6874
60510,2.393,4.7842,4.0118,4.629,2.4332,4.2266,3.8143,6.7134,3.4549,2.125,4.829,5.5418
60513,0.7328,4.2008,2.3052,0.3498,10.2894,4.7589,0.9298,2.8263,2.5366,0.9857,2.8803,0.2698
60514,1.5049,2.7695,1.213,1.5155,14.2834,6.3264,2.0841,8.8223,5.1207,1.5175,4.8301,3.744
60515,0.3487,1.098,3.6205,1.6757,12.667,3.6231,1.054,6.1418,2.2511,0.6515,3.4339,1.3856
60516,2.3464,1.4159,4.7311,2.6273,14.3518,5.35,0.9688,5.5481,2.3445,2.4221,1.24,3.3747
60517,3.9232,1.8278,5.1978,3.4608,13.6541,5.3261,2.0398,4.2334,0.6779,0.4995,1.3347,2.5767
60520,13.0803,18.2039,13.3741,2.8432,6.0439,2.648,3.8288,9.974,11.29,7.8263,15.1865,16.509
60521,0.5868,4.2293,1.572,0.4814,13.0166,6.442,3.252,7.3671,6.5021,0.6305,6.2291,3.8188
60523,1.2612,4.0383,1.6037,2.7053,14.2763,3.6064,3.0589,7.1502,3.8323,2.1558,3.871,1.0122
60525,1.2746,7.1331,4.7975,0.513,9.7474,3.8396,1.0252,5.2391,4.9377,1.3853,3.4236,1.9179
60526,1.1628,4.0987,2.1922,1.8264,11.6831,4.7315,0.9276,4.1276,3.8647,0.7965,4.1051,1.2564
60532,1.423,2.8369,3.5422,2.0144,10.1552,1.4386,1.9902,2.9666,1.859,0.6742,3.2487,1.7372
60534,1.5782,4.614,2.0328,1.1861,8.8174,3.3414,0.5318,2.1032,1.8074,0.6509,2.2681,0.484
60538,5.6585,4.4455,2.8805,1.5944,10.4954,4.5734,1.3963,2.9147,2.3465,0.9484,4.5198,1.993
60540,0.2813,3.7932,0.6726,5.5112,8.7635,2.9566,1.3825,1.2922,0.7701,0.3594,5.5637,3.4515
60543,6.4665,7.4717,6.1559,2.5317,13.5204,7.3314,1.7217,4.8675,2.5798,3.4377,8.6999,5.7896
60544,5.7744,6.9739,7.017,1.1332,8.5485,0.896,3.1389,3.1758,3.6137,4.5633,9.1631,5.8107
60545,13.8253,13.6237,4.1994,2.5645,15.4135,6.9714,1.7361,10.0236,11.6526,8.3447,11.7188,11.187
60546,1.1882,3.3887,1.5771,1.3728,10.0174,4.4084,0.4828,1.4091,1.1904,0.6662,1.3532,1.7094
60548,19.1927,19.1198,9.1647,1.6663,14.7171,7.0944,3.1867,15.445,16.95,13.5616,17.0403,16.7062
60554,6.9805,7.783,6.7946,3.6082,8.7729,5.983,4.0829,4.1326,4.6673,4.4868,4.8378,6.2303
60555,1.982,1.9793,2.0049,6.1522,4.7482,1.8912,1.5659,2.0693,3.3534,1.1361,5.7569,5.5445
60559,1.9765,1.8541,1.7708,2.4221,15.1039,6.2296,1.4357,7.9202,4.1827,1.2265,3.9599,3.9685
60561,2.7395,3.3667,4.9607,4.3297,14.6274,6.1619,1.4268,6.9677,3.7778,1.0146,3.0476,5.2006
60563,0.9997,1.6393,0.9641,6.4636,6.1172,1.0377,0.9442,0.5168,2.5375,1.8887,5.8769,4.7515
60564,0.39,6.2349,4.1222,3.7394,10.6973,5.1969,0.897,3.1132,1.9223,3.6719,7.1084,3.9877
60565,2.3535,5.0849,2.6204,5.2552,11.2309,4.1752,0.3529,2.0095,1.8219,2.9246,4.4608,2.3442
60601,0.1294,0.8045,0.444,3.517,11.4779,2.4607,0.0603,1.0024,0.8505,0.4303,2.9253,2.26
60602,0.1271,0.7132,0.1451,3.4673,11.3368,2.5728,0.3359,1.2738,0.9382,0.581,2.5651,1.9134
60603,0.1993,0.9715,0.4169,3.2207,11.1692,2.784,0.3534,1.0066,0.6656,0.6032,2.7714,1.8804
60604,0.3649,1.0505,0.4694,3.1316,11.0218,2.9173,0.5492,1.0644,0.7169,0.4089,2.6445,1.6709
60605,1.0981,1.683,1.3551,2.3045,10.2661,3.6727,0.4401,0.4896,0.3977,0.837,2.9625,1.8287
60606,0.5552,0.755,0.1333,3.5624,11.1475,2.6618,0.4616,1.064,0.8522,0.3948,2.1497,1.5785
60607,0.5639,1.0399,0.5752,3.2934,10.4874,3.311,0.3535,0.6833,0.5153,0.8068,1.5797,0.7329
60608,1.1952,1.3426,0.9525,3.4155,8.5201,2.5829,0.6114,1.2977,1.094,0.4339,0.7871,1.3392
60609,0.9955,1.2967,2.6019,2.9411,6.2869,1.5675,0.6428,0.7036,1.2668,0.6702,1.1618,0.4729
60610,0.5174,0.7494,0.5943,3.8814,12.8761,0.9247,0.5943,0.3241,0.5582,0.5901,2.6314,1.8814
60611,0.0965,1.0236,0.1367,4.0429,11.9926,2.0175,0.36,0.4848,0.3193,0.2859,3.3772,2.7704
60612,0.7007,1.1147,0.6735,1.6245,10.6083,4.0286,0.5739,0.6643,0.4747,0.3235,0.5812,1.0182
60613,0.8382,0.4313,0.8333,2.5318,10.4347,2.7976,0.7525,0.3283,0.6194,0.6071,1.36,2.0246
60614,0.4683,1.2609,0.6338,3.3572,11.931,0.9835,0.059,0.1463,0.8575,1.2222,1.7468,1.812
60615,0.6699,1.0859,2.5237,2.3536,5.6154,4.6744,0.7483,0.7617,0.293,0.4393,0.9063,0.9005
60616,0.9833,0.0577,0.2095,1.0624,8.7675,3.8674,0.9733,0.9294,1.2367,0.8426,1.9101,1.1742
60617,0.7863,2.5757,0.7815,0.0984,1.4454,8.7566,1.1552,2.7325,0.4275,2.3672,3.2709,2.7668
60618,0.9611,1.3144,1.3159,2.1315,8.7622,4.1255,0.2413,1.3903,0.9343,0.0746,0.7184,0.2192
60619,1.4002,0.9455,2.1931,2.8254,2.0028,5.7071,0.2513,0.9787,0.8594,0.3942,1.5719,0.8688
60620,2.5249,0.538,1.6674,3.5103,2.4779,3.3507,0.8617,1.1814,0.5775,0.8242,1.1117,0.5659
60621,0.2498,0.3179,0.3396,4.397,4.5204,3.4794,1.2486,2.264,0.9929,0.4276,0.1992,0.7517
60622,0.3517,1.4486,0.8539,1.2252,11.6133,2.9662,0.2472,0.591,0.4011,0.1701,0.1959,0.5643
60623,0.3546,0.4788,1.4708,3.569,8.4487,2.9308,0.4682,1.3467,0.7504,0.65,1.0168,0.4257
60624,0.6922,0.3157,0.7915,1.5437,10.7109,5.0543,1.1216,1.109,0.5939,0.1629,0.4191,0.6736
60625,0.2114,1.7809,1.7799,1.8089,7.8235,5.1084,0.5414,1.0497,0.6092,0.4792,0.9333,1.1055
60626,0.0442,1.2254,2.882,1.3703,8.6289,4.9097,0.564,0.7133,0.4335,0.3094,0.5756,0.2789
60628,3.9542,0.3867,0.4157,1.2314,2.8629,6.5694,1.4323,1.0848,1.8757,0.3661,2.0971,1.4449
60629,1.1262,2.1624,3.904,2.3755,3.4668,1.5726,0.9006,1.6103,1.2602,0.3404,1.0855,1.8569
60630,2.4693,4.2562,3.3435,1.2441,5.5164,4.2758,0.4967,0.8291,1.3107,1.0383,0.3366,0.996
60631,1.228,4.5847,4.5824,1.7621,2.5529,3.7358,1.8033,3.3301,3.0478,0.5021,3.0956,3.4754
60632,2.2196,2.2197,4.0159,4.7664,5.9056,1.4144,0.2021,0.3953,1.6494,0.8076,0.5957,1.0787
60633,3.0186,3.4955,3.3964,1.2854,1.2535,10.0401,0.9437,0.7523,3.4543,2.9373,1.8046,2.7113
60634,1.4217,4.5504,2.8068,2.2122,5.8533,4.0362,0.0735,1.207,1.5363,0.7057,1.7382,1.23
60636,0.4142,0.9907,1.8038,3.6992,3.6708,2.7109,0.1686,1.6375,0.5654,0.4293,0.6877,0.6194
60637,0.5654,1.2391,1.7832,3.6974,4.2804,4.9438,0.4428,0.7566,1.1512,0.4676,1.7106,1.2674
60638,3.3501,4.7999,3.6658,3.3121,5.3705,0.8458,1.3159,2.1534,0.7332,0.9795,1.9609,1.0438
60639,0.3325,2.0822,0.3273,1.7301,8.4477,5.098,0.748,1.099,0.1984,0.6074,1.5423,0.3834
60640,0.3981,0.5865,0.4005,1.3926,9.6312,3.9377,0.646,0.5104,0.7776,0.2729,0.7635,0.9825
60641,0.8726,3.1831,1.7344,1.0898,7.1922,6.0821,0.8572,0.7717,0.7985,0.4826,1.0163,0.3842
60643,2.1668,2.2917,1.6075,1.2544,2.56,4.5789,0.8178,2.7908,0.6942,0.8933,2.1588,2.7023
60644,0.5248,1.1085,0.3286,1.5633,10.9585,4.9384,0.4944,0.8162,1.1136,0.1313,0.7736,0.4499
60645,0.8563,0.8632,3.3994,1.643,7.2345,3.9139,0.3965,0.7822,0.6928,0.4981,1.3066,1.2425
60646,1.3307,3.2554,3.2497,1.045,4.4987,2.8286,0.5277,1.7688,2.4042,0.7097,1.6006,1.6245
60647,0.7719,1.4294,0.2522,0.9724,10.0543,3.653,0.1888,1.3203,0.8286,0.073,0.464,0.3665
60649,1.0417,0.6542,3.2861,2.1387,2.9954,7.0548,0.4473,0.5188,0.9004,0.3782,1.1861,2.4725
60651,0.4303,0.9864,1.4894,0.5751,9.9401,5.6466,0.4065,0.2821,1.2119,0.1521,1.0093,0.148
60652,1.9516,1.4098,2.0384,0.6607,1.7409,0.3541,0.4282,0.5173,0.367,1.4823,1.8383,1.7149
60653,0.5682,1.3617,2.0175,1.0789,6.8902,4.1547,0.2757,1.2838,0.6472,0.5817,0.5951,0.7855
60654,0.1683,0.1677,0.3181,3.6068,11.8274,1.9644,0.2381,0.7671,0.3281,1.0522,2.1929,1.6422
60655,1.8804,3.8972,1.9017,1.7557,2.2328,4.0641,1.3,2.342,2.6208,1.2523,1.871,3.5024
60656,0.5916,5.6017,4.883,2.8778,3.7735,5.2838,0.8995,1.8058,1.453,1.0899,3.1304,2.8431
60657,0.0635,1.6035,0.7193,3.6915,11.2445,1.6739,0.5115,0.5354,0.5728,0.4044,2.2406,2.4075
60659,1.0954,2.1535,2.9292,1.5611,7.1115,4.2246,0.4933,0.3803,0.8313,0.6618,1.864,0.9119
60660,1.3288,1.8548,1.5955,0.5192,9.0755,5.1749,0.3858,0.4563,0.2361,0.3674,0.8323,0.9834
60661,0.3683,0.8461,0.3654,3.4099,11.1211,2.6635,0.1182,1.088,0.7283,0.6154,1.7969,1.297
60706,1.4684,5.5814,3.9977,2.7294,4.5339,4.8933,1.0413,1.3003,1.3842,0.8275,2.7626,1.9946
60707,1.4892,3.0164,2.4003,1.3573,7.4948,2.7582,0.7966,0.7527,0.8336,0.6437,0.7862,0.8947
60712,2.2277,2.4294,2.4226,2.414,5.3657,2.4858,0.9806,1.6548,1.7575,1.681,2.887,1.1182
60714,1.483,3.3971,3.3982,0.4428,1.1194,2.5125,0.5883,5.3106,4.1267,1.6134,4.7086,3.3024
60803,2.5227,3.169,3.1455,2.6954,4.2759,5.6859,1.1066,3.3987,4.3472,1.778,3.2576,3.5806
60804,1.2915,1.4517,1.6736,4.2385,8.3388,4.1941,0.3986,1.2986,1.2552,0.245,1.2248000000000001,0.4595
60805,0.4665,2.0748,0.5472,1.619,0.4425,2.2424,0.345,1.5213,1.9936,0.5783,1.0488,2.338
60827,2.579,2.6167,2.6208,0.775,2.4679,8.3868,0.6689,1.9202,4.286,0.8731,1.98,1.3227
60901,1.1958,2.2396,1.8467,1.8245,2.2258,0.8809,4.9431,30.6342,2.5297,15.7844,37.3393,32.6255
60915,1.8566,1.9149,1.91,3.8436,1.1015,2.6853,2.7561,27.523,4.9127,15.9348,35.0104,30.9908
60935,15.7105,17.0627,16.6633,1.9717,2.1297,5.0676,10.3484,24.6781,16.8257,6.5293,35.3644,25.3348
60964,8.7503,8.4616,8.765,0.1027,10.3486,9.1019,10.2691,32.478,7.913,25.5425,43.6722,38.5282
61008,2.0754,9.2053,6.4723,1.2977,2.9043,4.8433,1.6687,23.3096,3.4539,11.6519,15.7021,21.2291
61038,6.2217,14.5044,11.2778,2.3829,6.1498,2.9213,4.2136,20.9783,5.7233,6.1256,10.2393,15.8104
61068,1.1642,21.8051,0.6883,2.9094,3.7589,1.6142,6.3606,17.9297,17.8309,16.2639,36.8814,37.91
61073,8.5202,11.2656,9.5245,1.4954,14.9074,11.6975,2.7008,36.5914,18.1073,21.5599,23.592,31.0622
61101,3.8161,8.427,4.3435,2.8534,15.4667,4.0951,3.4492,36.3168,19.7891,27.3984,30.5024,37.3031
61103,2.7378,6.6229,3.0548,1.4591,13.0424,4.7525,1.425,34.8505,17.2174,24.1414,27.136,34.0357
61107,0.2449,1.6583,0.818,5.5199,7.195,5.8898,2.2376,29.0618,11.4787,19.6974,23.224,29.5525
61108,0.7744,0.9272,1.2551,5.9795,6.2856,4.7138,1.5335,27.3795,10.663,19.8245,23.5822,29.5643
61109,3.2486,5.1481,3.1497,1.077,8.6988,0.342,2.5821,25.5158,12.555,23.1262,27.1998,32.4821
61115,3.9532,7.0106,4.9791,3.6738,12.0636,7.2417,1.5922,34.5362,15.9086,21.732,24.5023,31.5763
61270,13.8555,40.5299,15.6211,1.7435,1.8036,3.1297,10.1518,35.3474,35.9188,62.1493,80.2674,84.0934
61301,3.1722,13.5739,13.6553,0.9655,2.5295,0.1213,11.2258,40.7786,42.0075,33.1763,45.9459,45.3677
61329,5.1275,19.1655,19.2393,3.2698,4.2923,6.1307,17.0575,44.7284,45.881100000000004,39.1326,51.5208,51.0927
61354,0.9169,15.9247,15.9872,2.3284,3.2284,5.562,16.6065,46.3852,47.6032,36.145,51.3347,50.6445
61356,1.5379,31.6402,30.3698,0.6757,4.2074,4.2266,22.6335,52.0255,49.555,48.3128,61.9342,61.8573
61701,0.7192,3.3303,1.8051,0.3423,18.892,1.5457,1.511,1.2456,1.9502,1.6332,96.206,85.2579
61759,16.2743,18.3652,16.3253,14.4193,1.3667,13.9654,12.5953,16.5916,16.6463,16.3749,105.7792,97.3694
61764,30.9478,30.5843,1.1012,1.2251,2.4832,1.2183,4.2592,31.8855,30.6563,32.3666,62.4969,51.4794
61913,15.277,22.1481,24.1516,1.6694,9.4675,15.4594,20.8671,22.081,23.4671,52.3891,128.9047,119.2102
62040,1.8667,7.99,1.7698,2.0168,24.5096,17.7358,4.4705,12.1504,1.8567,133.1662,230.5288,219.8707
62234,3.6088,10.822,4.5315,1.2527,19.5978,17.9379,2.5617,10.1105,3.3926,133.0056,230.4256,219.4051
62237,22.0271,43.7948,31.6363,1.7724,3.3047,15.1711,24.4439,35.8366,35.3766,159.4491,253.8783,242.9731
62243,8.2731,20.1769,11.3472,1.1804,20.4813,2.1671,4.45,27.8512,14.6552,148.3692,245.0292,234.0253
62703,0.4139,1.9934,0.4311,1.8291,2.8933,10.9539,2.2728,2.7724,1.1063,58.1557,154.7435,144.9316
62890,12.2811,91.7892,11.0206,2.6155,1.9719,18.794,16.2851,32.2878,30.0235,176.7474,261.8472,252.5003
62959,6.1112,92.3712,4.6024,4.6223,17.9445,26.6188,2.5063,20.4099,17.6232,189.2072,276.248,266.6137
